{
    "list": [
        {
            "id": 74,
            "name": "测试元素1",
            "isHidden": false
        },
        {
            "id": 43,
            "name": "测试元素2",
            "isHidden": false
        },
        {
            "id": 1,
            "name": "测试元素3",
            "isHidden": false
        },
        {
            "id": 61,
            "name": "测试元素4",
            "isHidden": false
        },
        {
            "id": 84,
            "name": "测试元素5",
            "isHidden": false
        }
    ]
}
